{"loss":{"0":0.2341253382,"1":0.2253057757,"2":0.2163935233,"3":0.203824957,"4":0.1903989393,"5":0.1758280606,"6":0.1594573277,"7":0.1430353326,"8":0.1273786258,"9":0.1110223846,"10":0.0972885962,"11":0.0861112613,"12":0.0759380615,"13":0.0672696044,"14":0.0605473505,"15":0.0538089941,"16":0.0485372607},"val_loss":{"0":0.2333092047,"1":0.2276592916,"2":0.217569581,"3":0.2057813098,"4":0.1975638836,"5":0.1804685085,"6":0.1699906398,"7":0.1515618875,"8":0.1356528183,"9":0.1240926993,"10":0.1064809868,"11":0.0924420788,"12":0.0832216363,"13":0.0823738285,"14":0.0665818055,"15":0.0584801724,"16":0.0530746302}}