{"loss":{"0":0.2669521508,"1":0.2440466948,"2":0.2377104965,"3":0.2308434349,"4":0.2254548733,"5":0.2221146457,"6":0.1910807113,"7":0.136037057,"8":0.1216830206,"9":0.1097399388,"10":0.0988768912,"11":0.0888924204,"12":0.0793178486,"13":0.0704313171,"14":0.0624322422,"15":0.0549185024,"16":0.0479272299,"17":0.0416549467,"18":0.0359830145,"19":0.030969297,"20":0.0264816975,"21":0.0225608208,"22":0.0190364076,"23":0.0160812745,"24":0.0134633622},"val_loss":{"0":0.2470166516,"1":0.2414489431,"2":0.23454205,"3":0.2289428329,"4":0.2244827879,"5":0.2220164574,"6":0.1447716938,"7":0.1271241163,"8":0.1168282754,"9":0.105999359,"10":0.0979382854,"11":0.085657935,"12":0.0739930349,"13":0.0674171764,"14":0.0622425839,"15":0.0548364627,"16":0.0452136905,"17":0.0393783507,"18":0.0345244501,"19":0.0283102441,"20":0.0241469612,"21":0.0218544764,"22":0.0171436513,"23":0.0154073695,"24":0.0121067364}}